{"cameraMode":{"drawMode":0,"name":"Shaded","section":"Shading Mode"},"sceneLighting":false,"audioPlay":false,"sceneViewState":{"showFog":true,"showMaterialUpdate":false,"showSkybox":false,"showFlares":true,"showImageEffects":true,"showParticleSystems":true},"in2DMode":false,"pivot":{"x":0.024768302217125894,"y":0.4682840406894684,"z":-0.7140097618103027},"rotation":{"x":0.0007949412683956325,"y":-0.9987009167671204,"z":-0.016480088233947755,"w":-0.04856734350323677},"size":2.684937000274658,"orthographic":false}