{"cameraMode":{"drawMode":0,"name":"Shaded","section":"Shading Mode"},"sceneLighting":true,"audioPlay":false,"sceneViewState":{"showFog":true,"showMaterialUpdate":false,"showSkybox":true,"showFlares":true,"showImageEffects":true,"showParticleSystems":true},"in2DMode":false,"pivot":{"x":10.561270713806153,"y":5.796835899353027,"z":-15.951702117919922},"rotation":{"x":-0.09730218350887299,"y":0.03132445737719536,"z":-0.0030844470020383598,"w":-0.9948012828826904},"size":2.8578836917877199,"orthographic":false}